edge;centrality
1, 3;1.2
0, 3;0.8
1, 2;0.8
0, 1;0.6000000000000001
2, 3;0.6000000000000001
