edge;centrality
0, 1;0.8
0, 3;0.6000000000000001
1, 2;0.6000000000000001
1, 3;0.6000000000000001
2, 3;0.6000000000000001
